{"loss": [59227.08984375, 59254.80859375, 58262.55078125, 57390.19140625, 55653.9921875, 54380.46484375, 51935.2890625, 50341.23828125, 47511.9140625, 43616.28515625, 39951.0703125, 35494.16796875, 30235.912109375, 24554.751953125, 18359.689453125, 12660.1923828125, 8665.701171875, 9193.7158203125, 11839.3662109375, 17195.86328125, 15247.251953125, 12838.3056640625, 11504.29296875, 9461.16015625, 8281.923828125, 7713.54931640625, 7042.04638671875, 7764.0400390625, 7465.66162109375, 7872.0234375, 7988.7470703125, 8105.46875, 8302.095703125, 8169.85888671875, 8021.38720703125, 7941.5869140625, 8144.6142578125, 7712.73583984375, 8162.08203125], "mae": [233.3889617919922, 235.1898956298828, 232.85806274414062, 231.3766326904297, 227.1640167236328, 225.31378173828125, 219.86459350585938, 217.91734313964844, 212.13058471679688, 203.16818237304688, 195.46722412109375, 185.1721649169922, 171.69528198242188, 155.22193908691406, 133.46896362304688, 106.7048568725586, 73.64550018310547, 54.00247573852539, 73.09430694580078, 98.98347473144531, 91.83412170410156, 79.11056518554688, 69.41822814941406, 56.356929779052734, 49.59701156616211, 48.44886779785156, 48.68507385253906, 53.7735710144043, 60.72662353515625, 67.05555725097656, 69.1199951171875, 70.35718536376953, 71.58393096923828, 71.78682708740234, 72.29977416992188, 71.35710906982422, 70.75541687011719, 70.09758758544922, 69.36946105957031], "val_loss": [58744.62109375, 56881.15234375, 55946.9375, 57029.921875, 55485.23828125, 51810.08203125, 50054.91796875, 46730.10546875, 44582.078125, 40084.2890625, 34451.265625, 28285.009765625, 24738.763671875, 18276.91015625, 12602.0869140625, 8794.19921875, 8821.6845703125, 11923.3603515625, 12342.9052734375, 12059.765625, 13623.3251953125, 10877.501953125, 10386.396484375, 6737.845703125, 8354.521484375, 7364.12060546875, 7833.9501953125, 7567.7314453125, 7508.52294921875, 7638.0341796875, 8280.830078125, 8566.685546875, 8344.5849609375, 7007.123046875, 7500.22216796875, 7694.212890625, 7903.560546875, 7821.36083984375, 7733.35498046875], "val_mae": [233.22862243652344, 227.59371948242188, 225.93780517578125, 232.2703094482422, 229.3285369873047, 219.38003540039062, 216.906494140625, 209.43804931640625, 206.42442321777344, 195.9248046875, 181.84107971191406, 165.49261474609375, 155.81661987304688, 133.23248291015625, 106.57799530029297, 72.88420867919922, 52.61927795410156, 73.32183074951172, 82.4632797241211, 81.27857971191406, 81.91136932373047, 67.4847183227539, 61.429443359375, 44.131492614746094, 49.941505432128906, 48.8145637512207, 53.77104568481445, 60.936927795410156, 66.85897064208984, 69.00238800048828, 70.42378997802734, 71.181396484375, 71.8725814819336, 71.89579772949219, 71.54023742675781, 70.80479431152344, 69.9736328125, 68.83595275878906, 67.63618469238281], "lr": [9.999999747378752e-05, 9.999999747378752e-05, 9.999999747378752e-05, 9.999999747378752e-05, 9.999999747378752e-05, 9.999999747378752e-05, 9.999999747378752e-05, 9.999999747378752e-05, 9.999999747378752e-05, 9.999999747378752e-05, 9.999999747378752e-05, 9.999999747378752e-05, 9.999999747378752e-05, 9.999999747378752e-05, 9.999999747378752e-05, 9.999999747378752e-05, 9.999999747378752e-05, 9.999999747378752e-05, 9.999999747378752e-05, 9.999999747378752e-05, 9.999999747378752e-05, 4.999999873689376e-05, 4.999999873689376e-05, 4.999999873689376e-05, 4.999999873689376e-05, 4.999999873689376e-05, 4.999999873689376e-05, 4.999999873689376e-05, 4.999999873689376e-05, 2.499999936844688e-05, 2.499999936844688e-05, 2.499999936844688e-05, 2.499999936844688e-05, 2.499999936844688e-05, 1.249999968422344e-05, 1.249999968422344e-05, 1.249999968422344e-05, 1.249999968422344e-05, 1.249999968422344e-05]}